jai,ai_01,11:33,success
jai,ai_01,11:33,success
jai,ai_01,11:36,success
jai,ai_01,11:42,success
jai,ai_01,11:43,success
jai,ai_01,11:43,failed
jai,ai_01,11:44,success
jai,ai_01,11:44,failed
jai,ai_01,16:13,success
jai,ABC,20:38,success
jai,ABC,20:5,success
jai,ABC,20:8,success
jai,ai_01,11:10,success
jai,ai_01,11:11,success
jai,ai_01,11:13,success
jai,ai_01,11:14,success
jai,ai_01,11:14,success
jai,ai_01,11:19,success
jai,SUM01,11:25,success
jai,SUM01,11:35,failed
jai,SUM01,11:38,failed
jai,SUM01,11:39,failed
jai,SUM01,11:39,failed
jai,ai_01,11:40,failed
jai,ai_01,11:41,failed
jai,SUM01,11:45,failed
jai,ai_01,11:52,failed
jai,ai_01,11:52,failed
jai,ai_01,11:53,failed
jai,ai_01,11:55,failed
jai,ai_01,11:56,failed
jai,ai_01,11:57,failed
jai,ai_01,11:57,success
jai,SUM01,11:57,success
jai,SUM01,12:4,failed
jai,SUM01,12:6,failed
jai,SUM01,12:10,failed
jai,SUM01,12:11,failed
jai,SUM01,12:12,failed
jai,SUM01,12:13,failed
jai,SUM01,12:14,failed
jai,SUM01,12:15,failed
jai,SUM01,12:17,failed
jai,SUM01,12:18,success
jai,SUM01,12:20,success
jai,SUM01,12:28,success
jai,SUM01,12:28,failed
jai,ai_01,12:50,success
jai,SUM01,12:50,success
